,age,antenna_length,blood_blueness,chest_radius,height,salt_levels,siblings,skin_coarseness,target
0,66.0,51.0,384.0,549.0,82.5,0.34500000000000003,3.0,246.0,0
1,63.0,87.46025878003697,306.0,466.6446700507614,75.30000000000001,0.23399999999999999,0.0,156.0,0
2,120.0,87.46025878003697,477.0,466.6446700507614,82.19999999999999,0.8819999999999999,21.0,192.0,0
3,69.0,39.0,204.0,45.0,60.300000000000004,0.771,6.0,186.0,0
4,132.0,87.46025878003697,318.0,466.6446700507614,70.80000000000001,0.4109999999999999,36.0,240.0,0
5,72.0,63.0,318.0,474.0,92.69999999999999,0.8759999999999999,9.0,162.0,0
6,144.0,120.0,264.0,162.0,105.89999999999999,1.134,36.0,222.0,0
7,207.0,87.46025878003697,396.0,466.6446700507614,80.4,0.558,15.0,240.0,0
8,99.0,42.0,519.0,504.0,89.1,1.083,12.0,210.0,1
9,66.0,39.0,390.0,315.0,77.69999999999999,1.4160000000000001,3.0,210.0,0
10,84.0,120.0,369.0,231.0,102.30000000000001,0.8069999999999999,15.0,222.0,0
11,66.0,57.0,264.0,159.0,87.0,0.6869999999999999,6.0,222.0,0
12,69.0,75.0,321.0,466.6446700507614,79.19999999999999,0.399,0.0,180.0,0
13,81.0,102.0,342.0,855.0,132.60000000000002,0.5009999999999999,0.0,240.0,0
14,135.0,87.46025878003697,492.0,466.6446700507614,98.39999999999999,0.44400000000000006,27.0,234.0,1
15,81.0,123.0,462.0,420.0,138.3,1.713,18.0,234.0,0
16,117.0,96.0,480.0,525.0,91.5,1.7639999999999998,21.0,162.0,1
17,75.0,96.0,273.0,630.0,119.69999999999999,1.143,0.0,204.0,0
18,75.0,66.0,243.0,466.6446700507614,83.1,0.8699999999999999,6.0,180.0,0
19,96.0,60.0,324.0,466.6446700507614,81.9,2.361,0.0,204.0,0
20,108.0,78.0,249.0,213.0,87.9,2.301,21.0,234.0,0
21,102.0,87.46025878003697,360.0,466.6446700507614,88.80000000000001,2.1270000000000002,12.0,204.0,0
22,123.0,90.0,240.0,466.6446700507614,78.6,0.9390000000000001,18.0,198.0,0
23,66.0,114.0,411.0,466.6446700507614,99.60000000000001,0.51,0.0,210.0,0
24,75.0,93.0,579.0,466.6446700507614,104.69999999999999,0.7230000000000001,9.0,210.0,1
25,69.0,87.46025878003697,396.0,466.6446700507614,98.69999999999999,0.9059999999999999,12.0,217.2155525238745,1
26,99.0,105.0,411.0,504.0,129.3,6.864000000000001,0.0,120.0,1
27,108.0,87.46025878003697,549.0,466.6446700507614,85.19999999999999,0.636,12.0,217.2155525238745,1
28,87.0,87.46025878003697,417.0,466.6446700507614,76.80000000000001,0.5009999999999999,6.0,225.0,0
29,78.0,138.0,387.0,390.0,201.29999999999998,0.9570000000000001,0.0,330.0,1
30,117.0,120.0,222.0,147.0,105.89999999999999,2.1149999999999998,24.0,210.0,0
31,135.0,93.0,366.0,466.6446700507614,82.80000000000001,1.536,30.0,234.0,0
32,75.0,45.0,243.0,228.0,90.30000000000001,1.641,6.0,216.0,0
33,147.0,93.0,375.0,466.6446700507614,82.80000000000001,1.6949999999999998,18.0,234.0,1
34,87.0,114.0,438.0,1080.0,84.0,1.0110000000000001,6.0,210.0,1
35,180.0,108.0,543.0,1485.0,90.30000000000001,1.845,24.0,204.0,1
36,66.0,87.46025878003697,276.0,466.6446700507614,90.30000000000001,0.42299999999999993,6.0,156.0,0
37,180.0,78.0,327.0,466.6446700507614,108.0,1.6380000000000001,15.0,225.0,0
38,111.0,87.46025878003697,399.0,466.6446700507614,120.60000000000001,2.088,21.0,252.0,0
39,69.0,87.46025878003697,402.0,466.6446700507614,86.69999999999999,1.6260000000000001,6.0,210.0,1
40,87.0,81.0,444.0,954.0,92.69999999999999,0.44999999999999996,12.0,180.0,1
41,72.0,99.0,513.0,405.0,99.89999999999999,0.597,9.0,216.0,1
42,84.0,120.0,375.0,501.0,99.89999999999999,2.886,3.0,150.0,1
43,135.0,108.0,315.0,466.6446700507614,129.89999999999998,0.717,24.0,300.0,1
44,90.0,87.46025878003697,351.0,466.6446700507614,86.1,0.471,18.0,288.0,0
45,99.0,87.46025878003697,489.0,466.6446700507614,117.0,3.666,3.0,216.0,1
46,66.0,54.0,285.0,174.0,71.69999999999999,0.78,3.0,180.0,0
47,69.0,81.0,537.0,466.6446700507614,132.3,2.058,0.0,270.0,1
48,144.0,66.0,360.0,168.0,62.400000000000006,2.199,27.0,216.0,0
49,99.0,87.46025878003697,324.0,466.6446700507614,91.5,2.8649999999999998,24.0,210.0,1
50,156.0,87.46025878003697,318.0,466.6446700507614,102.60000000000001,0.753,39.0,210.0,0
51,135.0,87.46025878003697,333.0,466.6446700507614,98.39999999999999,0.795,3.0,282.0,0
52,111.0,96.0,315.0,204.0,92.4,0.366,18.0,210.0,0
53,174.0,87.46025878003697,330.0,466.6446700507614,83.4,0.711,24.0,228.0,0
54,117.0,93.0,252.0,466.6446700507614,114.89999999999999,1.371,24.0,222.0,0
55,165.0,87.46025878003697,411.0,466.6446700507614,72.6,0.45299999999999996,18.0,183.0,0
56,66.0,87.46025878003697,360.0,466.6446700507614,85.19999999999999,0.777,24.0,258.0,1
57,78.0,75.0,300.0,213.0,115.5,0.972,6.0,204.0,0
58,96.0,66.0,255.0,466.6446700507614,87.0,3.6719999999999997,15.0,222.0,1
59,177.0,69.0,567.0,2538.0,90.30000000000001,1.194,3.0,180.0,1
60,102.0,105.0,318.0,357.0,91.5,4.199999999999999,6.0,192.0,0
61,78.0,138.0,405.0,435.0,121.80000000000001,0.8519999999999999,0.0,282.0,0
62,72.0,57.0,324.0,466.6446700507614,81.30000000000001,1.2000000000000002,3.0,264.0,0
63,81.0,87.46025878003697,255.0,466.6446700507614,118.80000000000001,2.79,6.0,195.0,0
64,153.0,99.0,429.0,438.0,109.80000000000001,0.762,33.0,282.0,1
65,159.0,87.46025878003697,315.0,466.6446700507614,69.9,1.6800000000000002,6.0,225.0,0
66,180.0,21.0,387.0,978.0,58.800000000000004,1.7460000000000002,18.0,270.0,0
67,66.0,54.0,213.0,228.0,61.199999999999996,0.9689999999999999,3.0,144.0,0
68,75.0,189.0,540.0,42.0,178.2,7.26,0.0,234.0,1
69,78.0,45.0,303.0,108.0,72.6,1.578,3.0,150.0,0
70,69.0,54.0,357.0,276.0,104.69999999999999,2.175,0.0,192.0,0
71,81.0,69.0,351.0,318.0,101.39999999999999,1.3980000000000001,3.0,180.0,0
72,129.0,87.46025878003697,564.0,466.6446700507614,143.7,0.4109999999999999,24.0,234.0,1
73,63.0,81.0,288.0,261.0,99.60000000000001,0.867,3.0,192.0,0
74,66.0,69.0,249.0,150.0,96.60000000000001,1.491,6.0,198.0,0
75,114.0,87.46025878003697,372.0,466.6446700507614,102.0,0.66,15.0,222.0,1
76,132.0,87.46025878003697,396.0,466.6446700507614,103.19999999999999,1.206,9.0,240.0,1
77,63.0,66.0,345.0,466.6446700507614,92.4,1.2630000000000001,6.0,192.0,0
78,108.0,126.0,537.0,390.0,98.10000000000001,2.157,24.0,216.0,1
79,63.0,66.0,252.0,198.0,107.39999999999999,1.6350000000000002,0.0,192.0,0
80,81.0,87.46025878003697,375.0,466.6446700507614,96.89999999999999,1.608,12.0,240.0,1
81,69.0,63.0,327.0,405.0,75.6,2.4989999999999997,3.0,168.0,0
82,90.0,33.0,297.0,192.0,57.900000000000006,0.8519999999999999,9.0,240.0,0
83,63.0,138.0,306.0,234.0,121.80000000000001,1.488,0.0,192.0,0
84,66.0,75.0,444.0,466.6446700507614,97.5,0.768,9.0,198.0,0
85,75.0,96.0,204.0,198.0,75.0,0.5609999999999999,6.0,210.0,0
86,90.0,105.0,471.0,1320.0,118.19999999999999,0.402,6.0,222.0,0
87,72.0,81.0,351.0,360.0,99.60000000000001,0.6900000000000001,12.0,192.0,0
88,156.0,87.46025878003697,324.0,466.6446700507614,81.0,0.777,6.0,240.0,1
89,69.0,60.0,387.0,810.0,105.30000000000001,0.6930000000000001,12.0,258.0,0
90,75.0,78.0,387.0,615.0,99.60000000000001,1.773,6.0,222.0,0
91,63.0,87.46025878003697,315.0,466.6446700507614,72.9,0.5609999999999999,3.0,174.0,0
92,108.0,66.0,561.0,600.0,109.19999999999999,1.224,9.0,210.0,1
93,81.0,123.0,441.0,466.6446700507614,147.89999999999998,1.0739999999999998,3.0,282.0,1
94,72.0,48.0,579.0,1125.0,77.69999999999999,1.965,3.0,150.0,0
95,66.0,69.0,291.0,466.6446700507614,84.6,1.3289999999999997,12.0,180.0,0
96,108.0,96.0,336.0,525.0,102.60000000000001,0.78,27.0,246.0,1
97,69.0,69.0,312.0,348.0,83.4,1.3619999999999999,0.0,192.0,0
98,117.0,96.0,462.0,579.0,87.9,2.5170000000000003,18.0,222.0,0
99,108.0,87.46025878003697,132.0,466.6446700507614,75.0,1.7610000000000001,15.0,186.0,0
100,84.0,96.0,594.0,822.0,123.89999999999999,1.506,0.0,198.0,1
101,72.0,90.0,321.0,246.0,92.4,2.463,3.0,216.0,0
102,138.0,57.0,354.0,466.6446700507614,69.30000000000001,4.428,24.0,216.0,0
103,159.0,81.0,561.0,621.0,130.8,3.1020000000000003,15.0,228.0,1
104,87.0,111.0,360.0,315.0,119.10000000000001,0.645,6.0,228.0,0
105,81.0,90.0,309.0,456.0,82.80000000000001,2.19,9.0,216.0,0
106,63.0,87.46025878003697,354.0,466.6446700507614,128.7,2.0789999999999997,6.0,240.0,1
107,123.0,75.0,282.0,237.0,99.89999999999999,2.214,21.0,192.0,0
108,63.0,87.46025878003697,270.0,466.6446700507614,128.10000000000002,1.6769999999999998,9.0,234.0,0
109,108.0,87.46025878003697,306.0,466.6446700507614,92.4,0.54,18.0,246.0,1
110,90.0,87.46025878003697,411.0,466.6446700507614,93.6,0.756,12.0,252.0,0
111,93.0,153.0,366.0,660.0,149.10000000000002,0.9750000000000001,3.0,270.0,1
112,132.0,87.46025878003697,474.0,466.6446700507614,126.89999999999999,0.771,39.0,342.0,1
113,201.0,87.46025878003697,438.0,466.6446700507614,115.5,1.56,12.0,234.0,1
114,132.0,87.46025878003697,438.0,466.6446700507614,121.5,5.343,0.0,246.0,0
115,87.0,87.46025878003697,309.0,466.6446700507614,72.9,0.747,18.0,198.0,0
116,72.0,57.0,297.0,258.0,76.80000000000001,0.46199999999999997,9.0,162.0,0
117,207.0,87.46025878003697,408.0,466.6446700507614,97.37239101717306,1.92,15.0,246.0,0
118,216.0,87.46025878003697,357.0,466.6446700507614,58.800000000000004,2.4960000000000004,6.0,217.2155525238745,0
119,66.0,84.0,168.0,135.0,72.6,0.996,6.0,168.0,0
120,123.0,87.46025878003697,186.0,466.6446700507614,97.80000000000001,1.173,21.0,234.0,0
121,105.0,117.0,279.0,216.0,130.2,3.0629999999999997,0.0,300.0,0
122,171.0,87.46025878003697,285.0,466.6446700507614,110.39999999999999,1.455,24.0,216.0,0
123,66.0,75.0,237.0,111.0,76.19999999999999,1.7489999999999999,3.0,240.0,0
124,96.0,63.0,492.0,466.6446700507614,92.4,2.493,27.0,252.0,1
125,75.0,30.0,339.0,255.0,88.5,1.8780000000000001,9.0,150.0,0
126,141.0,87.46025878003697,483.0,466.6446700507614,91.19999999999999,0.495,21.0,258.0,1
127,93.0,87.46025878003697,270.0,466.6446700507614,84.0,1.83,12.0,217.2155525238745,0
128,87.0,87.0,264.0,228.0,96.0,1.095,3.0,234.0,0
129,63.0,90.0,297.0,54.0,115.80000000000001,1.2360000000000002,3.0,216.0,0
130,69.0,87.46025878003697,297.0,466.6446700507614,66.6,0.32400000000000007,6.0,217.2155525238745,0
131,93.0,87.46025878003697,285.0,466.6446700507614,96.0,0.483,12.0,192.0,1
132,72.0,96.0,285.0,466.6446700507614,96.30000000000001,1.8359999999999999,12.0,210.0,0
133,66.0,120.0,393.0,466.6446700507614,102.89999999999999,0.5880000000000001,0.0,198.0,1
134,72.0,42.0,270.0,165.0,73.19999999999999,0.747,6.0,240.0,0
135,195.0,87.46025878003697,441.0,466.6446700507614,101.10000000000001,0.654,15.0,234.0,0
136,63.0,54.0,261.0,466.6446700507614,65.4,1.332,9.0,180.0,0
137,66.0,87.46025878003697,426.0,466.6446700507614,132.0,1.935,12.0,258.0,1
138,111.0,87.46025878003697,411.0,466.6446700507614,146.39999999999998,0.6809999999999999,15.0,324.0,1
139,147.0,87.46025878003697,495.0,466.6446700507614,91.19999999999999,0.9059999999999999,27.0,264.0,1
140,123.0,78.0,375.0,345.0,93.30000000000001,0.615,30.0,210.0,1
141,87.0,99.0,567.0,975.0,93.6,1.7489999999999999,15.0,192.0,1
142,63.0,48.0,339.0,466.6446700507614,93.0,2.6220000000000003,0.0,240.0,0
143,174.0,87.46025878003697,273.0,466.6446700507614,72.6,0.6000000000000001,27.0,204.0,0
144,102.0,45.0,573.0,390.0,92.69999999999999,0.897,9.0,204.0,0
145,186.0,87.46025878003697,405.0,466.6446700507614,80.1,2.061,3.0,162.0,0
146,84.0,69.0,300.0,243.0,94.80000000000001,2.8470000000000004,9.0,204.0,0
147,66.0,78.0,324.0,189.0,97.5,0.954,6.0,156.0,0
148,75.0,75.0,276.0,123.0,58.5,1.4460000000000002,3.0,186.0,0
149,117.0,102.0,288.0,345.0,74.1,2.8320000000000003,9.0,168.0,0
150,129.0,54.0,288.0,201.0,100.80000000000001,2.991,15.0,222.0,0
151,162.0,87.46025878003697,486.0,466.6446700507614,83.1,0.546,30.0,252.0,0
152,141.0,69.0,204.0,147.0,106.5,0.855,30.0,318.0,0
153,63.0,24.0,327.0,546.0,76.19999999999999,2.841,3.0,180.0,0
154,123.0,111.0,171.0,466.6446700507614,98.39999999999999,0.28800000000000003,27.0,240.0,0
155,99.0,87.46025878003697,366.0,466.6446700507614,104.10000000000001,0.8699999999999999,15.0,258.0,0
156,111.0,87.46025878003697,357.0,466.6446700507614,75.6,0.627,21.0,217.2155525238745,0
157,162.0,87.46025878003697,375.0,466.6446700507614,97.37239101717306,0.696,24.0,288.0,1
158,108.0,132.0,456.0,466.6446700507614,150.0,1.0110000000000001,21.0,264.0,1
159,72.0,75.0,285.0,108.0,112.19999999999999,0.741,0.0,255.0,1
160,90.0,90.0,360.0,405.0,128.7,1.356,9.0,210.0,0
161,204.0,87.46025878003697,273.0,466.6446700507614,106.80000000000001,1.7610000000000001,24.0,246.0,0
162,78.0,81.0,366.0,600.0,107.69999999999999,1.4489999999999998,6.0,228.0,0
163,63.0,72.0,273.0,466.6446700507614,87.6,0.5760000000000001,3.0,192.0,0
164,66.0,111.0,318.0,444.0,118.19999999999999,1.815,0.0,210.0,0
165,120.0,81.0,333.0,466.6446700507614,82.5,0.42299999999999993,30.0,210.0,1
166,63.0,69.0,354.0,267.0,97.37239101717306,5.193,0.0,192.0,0
167,126.0,87.0,300.0,588.0,96.0,1.332,3.0,198.0,0
168,84.0,117.0,306.0,466.6446700507614,107.10000000000001,2.0220000000000002,18.0,270.0,0
169,78.0,96.0,234.0,264.0,93.0,0.744,9.0,150.0,1
170,99.0,90.0,363.0,495.0,102.89999999999999,0.609,0.0,198.0,1
171,123.0,87.46025878003697,534.0,466.6446700507614,119.69999999999999,0.9930000000000001,21.0,252.0,1
172,72.0,102.0,423.0,384.0,76.19999999999999,2.0970000000000004,6.0,174.0,0
173,87.0,135.0,315.0,573.0,101.10000000000001,2.133,6.0,240.0,1
174,63.0,138.0,453.0,466.6446700507614,126.30000000000001,1.113,0.0,270.0,1
175,93.0,87.46025878003697,321.0,466.6446700507614,88.80000000000001,0.762,21.0,222.0,1
176,135.0,87.46025878003697,549.0,466.6446700507614,122.39999999999999,4.382999999999999,18.0,282.0,0
177,102.0,57.0,249.0,466.6446700507614,87.9,0.9510000000000001,12.0,258.0,0
178,201.0,87.46025878003697,582.0,466.6446700507614,78.30000000000001,1.653,24.0,240.0,0
179,75.0,108.0,291.0,300.0,110.39999999999999,1.7999999999999998,0.0,192.0,0
180,84.0,87.46025878003697,438.0,466.6446700507614,113.69999999999999,1.0019999999999998,0.0,210.0,1
181,114.0,90.0,327.0,466.6446700507614,97.5,2.565,0.0,264.0,1
182,99.0,87.46025878003697,267.0,466.6446700507614,67.5,0.42599999999999993,27.0,186.0,0
183,84.0,60.0,276.0,466.6446700507614,72.6,5.094,6.0,228.0,0
184,93.0,36.0,387.0,693.0,82.5,1.581,12.0,180.0,0
185,195.0,111.0,309.0,466.6446700507614,117.60000000000001,0.915,15.0,324.0,0
186,69.0,84.0,222.0,135.0,89.1,0.879,9.0,204.0,0
187,72.0,120.0,306.0,270.0,103.5,0.7140000000000001,0.0,234.0,0
188,84.0,60.0,300.0,270.0,98.69999999999999,2.601,6.0,198.0,1
189,195.0,87.46025878003697,483.0,466.6446700507614,65.69999999999999,0.762,0.0,150.0,0
190,93.0,87.46025878003697,276.0,466.6446700507614,77.69999999999999,0.5009999999999999,30.0,186.0,0
191,66.0,87.46025878003697,390.0,466.6446700507614,69.30000000000001,0.942,9.0,192.0,0
192,81.0,117.0,456.0,816.0,124.5,0.81,0.0,246.0,0
193,162.0,87.46025878003697,327.0,466.6446700507614,128.10000000000002,2.535,6.0,276.0,0
194,129.0,87.46025878003697,441.0,466.6446700507614,118.19999999999999,0.771,21.0,228.0,1
195,78.0,45.0,300.0,168.0,70.80000000000001,1.9979999999999998,3.0,198.0,0
196,87.0,87.46025878003697,366.0,466.6446700507614,105.0,1.182,12.0,204.0,0
197,75.0,72.0,381.0,825.0,83.1,4.800000000000001,6.0,174.0,0
198,66.0,87.46025878003697,408.0,466.6446700507614,93.6,3.546,12.0,210.0,1
199,111.0,84.0,432.0,420.0,88.5,0.861,12.0,174.0,0
200,84.0,108.0,474.0,735.0,94.80000000000001,2.553,9.0,228.0,1
201,66.0,87.46025878003697,273.0,466.6446700507614,81.9,1.5750000000000002,6.0,186.0,0
202,72.0,87.0,378.0,645.0,92.1,1.56,0.0,252.0,0
203,153.0,84.0,465.0,450.0,99.89999999999999,4.059000000000001,33.0,228.0,1
204,66.0,129.0,597.0,466.6446700507614,128.7,4.182,3.0,228.0,1
205,66.0,126.0,543.0,879.0,120.0,3.774,3.0,234.0,1
206,84.0,36.0,300.0,210.0,75.9,1.9739999999999998,3.0,216.0,0
207,123.0,123.0,365.06028833551767,466.6446700507614,117.0,2.181,18.0,204.0,1
208,123.0,87.46025878003697,336.0,466.6446700507614,113.39999999999999,0.783,15.0,198.0,1
209,99.0,87.46025878003697,366.0,466.6446700507614,99.89999999999999,3.3420000000000005,27.0,168.0,1
210,63.0,51.0,297.0,480.0,109.80000000000001,1.359,6.0,180.0,0
211,96.0,123.0,243.0,171.0,138.89999999999998,3.2879999999999994,3.0,222.0,0
212,153.0,63.0,543.0,576.0,107.69999999999999,1.758,21.0,252.0,1
213,120.0,87.46025878003697,405.0,466.6446700507614,156.89999999999998,1.734,33.0,217.2155525238745,1
214,75.0,39.0,285.0,114.0,58.800000000000004,1.0019999999999998,3.0,198.0,0
215,108.0,96.0,453.0,630.0,128.7,1.548,24.0,234.0,1
216,123.0,87.46025878003697,366.0,466.6446700507614,93.6,0.774,30.0,204.0,0
217,90.0,84.0,372.0,615.0,98.69999999999999,2.625,6.0,204.0,1
218,69.0,87.46025878003697,333.0,466.6446700507614,78.6,1.029,6.0,180.0,0
219,66.0,81.0,318.0,495.0,87.0,1.278,6.0,168.0,0
220,141.0,123.0,489.0,342.0,122.69999999999999,2.451,51.0,216.0,1
221,75.0,168.0,486.0,300.0,159.60000000000002,2.277,0.0,228.0,1
222,63.0,51.0,417.0,630.0,66.30000000000001,0.621,0.0,186.0,0
223,69.0,108.0,306.0,360.0,136.5,0.381,6.0,258.0,1
224,72.0,78.0,420.0,390.0,127.80000000000001,1.293,0.0,195.0,1
225,93.0,87.46025878003697,333.0,466.6446700507614,73.80000000000001,1.98,0.0,195.0,0
226,81.0,51.0,306.0,315.0,87.9,2.085,0.0,258.0,0
227,69.0,96.0,363.0,285.0,117.30000000000001,2.6579999999999995,6.0,210.0,0
228,129.0,138.0,501.0,693.0,112.80000000000001,0.495,24.0,318.0,1
229,135.0,87.46025878003697,384.0,466.6446700507614,103.80000000000001,0.43200000000000005,15.0,240.0,0
230,75.0,48.0,261.0,156.0,98.10000000000001,0.498,6.0,174.0,0
231,69.0,78.0,420.0,540.0,72.30000000000001,2.484,3.0,222.0,0
232,63.0,87.46025878003697,375.0,466.6446700507614,74.1,0.6180000000000001,0.0,204.0,0
233,75.0,66.0,342.0,466.6446700507614,86.1,0.276,6.0,204.0,0
234,63.0,87.46025878003697,252.0,466.6446700507614,97.37239101717306,0.9119999999999999,6.0,217.2155525238745,0
235,72.0,87.46025878003697,357.0,466.6446700507614,97.19999999999999,0.42299999999999993,0.0,217.2155525238745,1
236,75.0,57.0,384.0,540.0,91.5,4.173,0.0,204.0,1
237,66.0,75.0,279.0,276.0,86.1,1.596,0.0,180.0,0
238,66.0,81.0,213.0,466.6446700507614,84.0,1.758,6.0,210.0,0
239,72.0,87.46025878003697,342.0,466.6446700507614,86.69999999999999,0.378,12.0,192.0,0
240,102.0,99.0,372.0,1206.0,106.19999999999999,0.8459999999999999,27.0,210.0,0
241,63.0,66.0,282.0,466.6446700507614,74.1,0.44400000000000006,12.0,195.0,0
242,75.0,81.0,465.0,1620.0,116.10000000000001,0.72,6.0,156.0,1
243,126.0,90.0,351.0,315.0,117.30000000000001,0.753,15.0,258.0,0
244,159.0,87.46025878003697,468.0,466.6446700507614,74.4,0.6900000000000001,27.0,258.0,1
245,66.0,111.0,312.0,192.0,100.80000000000001,1.53,0.0,192.0,1
246,114.0,87.46025878003697,351.0,466.6446700507614,102.30000000000001,1.0110000000000001,15.0,276.0,0
247,102.0,132.0,465.0,1635.0,116.10000000000001,1.857,15.0,252.0,0
248,90.0,69.0,363.0,336.0,78.6,0.735,15.0,216.0,0
249,93.0,87.46025878003697,321.0,466.6446700507614,110.39999999999999,2.181,18.0,264.0,0
250,123.0,84.0,582.0,466.6446700507614,107.69999999999999,2.235,21.0,204.0,1
251,81.0,87.46025878003697,273.0,466.6446700507614,97.19999999999999,1.803,0.0,240.0,0
252,66.0,93.0,333.0,132.0,88.5,1.29,9.0,174.0,0
253,138.0,87.46025878003697,315.0,466.6446700507614,88.80000000000001,0.591,0.0,270.0,0
254,144.0,111.0,360.0,450.0,126.89999999999999,2.355,33.0,240.0,1
255,66.0,87.46025878003697,222.0,466.6446700507614,97.37239101717306,0.306,6.0,217.2155525238745,0
256,111.0,87.46025878003697,390.0,466.6446700507614,117.30000000000001,2.868,15.0,246.0,1
257,168.0,54.0,282.0,466.6446700507614,69.30000000000001,1.785,30.0,216.0,0
258,102.0,87.46025878003697,345.0,466.6446700507614,72.0,3.066,30.0,294.0,0
259,66.0,96.0,273.0,264.0,99.30000000000001,1.338,12.0,210.0,0
260,96.0,87.46025878003697,306.0,466.6446700507614,88.5,0.363,9.0,222.0,0
261,63.0,87.0,234.0,120.0,110.69999999999999,1.302,0.0,264.0,0
262,153.0,78.0,408.0,405.0,78.0,1.941,21.0,222.0,0
263,63.0,105.0,339.0,466.6446700507614,100.80000000000001,1.6289999999999998,3.0,192.0,1
264,210.0,54.0,435.0,466.6446700507614,97.5,0.705,12.0,246.0,1
265,126.0,87.46025878003697,324.0,466.6446700507614,97.19999999999999,0.8160000000000001,30.0,198.0,1
266,72.0,39.0,474.0,1161.0,93.6,0.885,9.0,192.0,0
267,72.0,57.0,321.0,466.6446700507614,79.5,0.495,3.0,204.0,0
268,96.0,87.46025878003697,549.0,466.6446700507614,69.9,2.016,24.0,192.0,1
269,123.0,54.0,312.0,468.0,89.69999999999999,2.166,18.0,222.0,1
270,171.0,87.46025878003697,417.0,466.6446700507614,81.30000000000001,4.3229999999999995,30.0,240.0,0
271,156.0,87.0,504.0,466.6446700507614,105.0,2.715,3.0,264.0,1
272,84.0,51.0,297.0,466.6446700507614,76.80000000000001,0.8819999999999999,12.0,216.0,0
273,123.0,87.46025878003697,429.0,466.6446700507614,104.69999999999999,0.387,24.0,198.0,1
274,75.0,72.0,375.0,330.0,72.9,0.663,3.0,210.0,0
275,180.0,87.46025878003697,402.0,466.6446700507614,71.4,0.831,12.0,216.0,1
276,177.0,81.0,411.0,466.6446700507614,81.9,0.6930000000000001,0.0,252.0,0
277,66.0,63.0,381.0,1005.0,103.19999999999999,0.528,6.0,138.0,0
278,129.0,75.0,285.0,540.0,105.0,0.6990000000000001,3.0,246.0,1
279,66.0,87.46025878003697,525.0,466.6446700507614,68.69999999999999,0.978,6.0,264.0,0
280,180.0,93.0,537.0,466.6446700507614,102.60000000000001,0.49199999999999994,21.0,285.0,0
281,117.0,123.0,411.0,466.6446700507614,96.0,1.173,21.0,270.0,0
282,123.0,99.0,552.0,466.6446700507614,106.5,1.065,21.0,252.0,1
283,135.0,120.0,306.0,315.0,111.60000000000001,0.612,21.0,222.0,0
284,69.0,90.0,429.0,990.0,90.30000000000001,2.676,3.0,258.0,0
285,69.0,99.0,495.0,2040.0,156.89999999999998,1.2810000000000001,0.0,270.0,0
286,243.0,99.0,402.0,180.0,77.69999999999999,1.3800000000000001,27.0,222.0,0
287,138.0,84.0,183.0,466.6446700507614,103.19999999999999,0.729,9.0,246.0,0
288,138.0,93.0,252.0,466.6446700507614,89.1,0.891,36.0,216.0,1
289,63.0,42.0,411.0,444.0,74.4,0.42900000000000005,0.0,204.0,0
290,66.0,84.0,318.0,405.0,102.60000000000001,0.42599999999999993,3.0,210.0,0
291,66.0,30.0,222.0,108.0,83.4,0.8069999999999999,0.0,156.0,0
292,66.0,78.0,264.0,48.0,85.19999999999999,2.2979999999999996,6.0,174.0,0
293,66.0,33.0,279.0,466.6446700507614,67.5,1.2510000000000001,3.0,168.0,0
294,75.0,87.46025878003697,270.0,466.6446700507614,70.5,0.573,6.0,180.0,0
295,138.0,99.0,300.0,315.0,90.0,1.464,36.0,252.0,0
296,69.0,75.0,273.0,300.0,75.6,0.702,3.0,162.0,0
297,78.0,123.0,357.0,510.0,135.89999999999998,1.521,3.0,264.0,0
298,123.0,75.0,567.0,466.6446700507614,102.89999999999999,1.305,0.0,312.0,1
299,66.0,105.0,369.0,720.0,171.89999999999998,2.64,9.0,300.0,0
300,153.0,87.46025878003697,381.0,466.6446700507614,117.0,0.5700000000000001,33.0,318.0,0
301,93.0,117.0,519.0,555.0,101.39999999999999,2.91,9.0,234.0,1
302,135.0,96.0,462.0,466.6446700507614,97.19999999999999,1.3289999999999997,24.0,234.0,1
303,63.0,57.0,291.0,246.0,54.599999999999994,0.897,3.0,192.0,0
304,63.0,51.0,303.0,466.6446700507614,63.0,0.756,0.0,192.0,0
305,186.0,51.0,363.0,466.6446700507614,79.5,0.777,36.0,234.0,0
306,66.0,87.46025878003697,240.0,466.6446700507614,97.37239101717306,0.522,9.0,217.2155525238745,0
307,66.0,90.0,237.0,466.6446700507614,96.0,1.1880000000000002,3.0,225.0,0
308,117.0,87.46025878003697,234.0,466.6446700507614,97.5,0.81,9.0,210.0,0
309,150.0,87.46025878003697,408.0,466.6446700507614,89.69999999999999,0.63,21.0,270.0,0
310,72.0,114.0,486.0,466.6446700507614,111.60000000000001,1.956,9.0,156.0,1
311,72.0,93.0,351.0,159.0,135.60000000000002,0.267,0.0,240.0,0
312,63.0,45.0,297.0,153.0,69.6,0.669,12.0,228.0,0
313,66.0,42.0,285.0,264.0,78.30000000000001,2.2439999999999998,6.0,162.0,0
314,126.0,120.0,309.0,466.6446700507614,138.60000000000002,0.378,33.0,204.0,0
315,96.0,87.46025878003697,300.0,466.6446700507614,90.0,1.452,21.0,217.2155525238745,1
316,78.0,87.46025878003697,342.0,466.6446700507614,97.37239101717306,0.567,18.0,217.2155525238745,0
317,114.0,90.0,318.0,466.6446700507614,118.5,0.8580000000000001,15.0,246.0,0
318,114.0,87.46025878003697,312.0,466.6446700507614,93.6,1.395,39.0,216.0,1
319,189.0,45.0,426.0,466.6446700507614,97.19999999999999,0.6000000000000001,9.0,240.0,0
320,81.0,60.0,330.0,300.0,85.19999999999999,0.35400000000000004,12.0,228.0,0
321,123.0,87.46025878003697,504.0,466.6446700507614,98.69999999999999,0.405,15.0,192.0,1
322,126.0,105.0,408.0,390.0,84.9,0.78,33.0,252.0,1
323,87.0,156.0,258.0,195.0,123.89999999999999,2.7510000000000003,3.0,198.0,0
324,78.0,87.46025878003697,213.0,466.6446700507614,65.4,1.2480000000000002,3.0,186.0,0
325,138.0,96.0,276.0,378.0,96.0,0.255,18.0,186.0,0
326,96.0,81.0,297.0,466.6446700507614,87.0,0.609,15.0,222.0,0
327,105.0,87.46025878003697,255.0,466.6446700507614,90.30000000000001,0.8999999999999999,33.0,222.0,0
328,189.0,144.0,303.0,540.0,98.69999999999999,0.513,30.0,228.0,0
329,129.0,72.0,426.0,1440.0,91.19999999999999,0.384,21.0,270.0,1
330,63.0,30.0,219.0,466.6446700507614,69.0,0.744,3.0,150.0,0
331,93.0,87.0,255.0,466.6446700507614,79.80000000000001,1.0530000000000002,3.0,198.0,0
332,144.0,54.0,318.0,466.6446700507614,68.1,0.705,21.0,276.0,0
333,63.0,87.46025878003697,333.0,466.6446700507614,67.80000000000001,0.42599999999999993,9.0,186.0,0
334,84.0,87.46025878003697,345.0,466.6446700507614,158.7,0.627,15.0,294.0,1
335,111.0,105.0,558.0,675.0,103.5,1.269,24.0,270.0,1
336,102.0,135.0,369.0,690.0,100.80000000000001,2.199,18.0,216.0,0
337,66.0,33.0,264.0,162.0,74.4,0.801,9.0,174.0,0
338,63.0,60.0,402.0,873.0,79.19999999999999,1.056,0.0,174.0,0
339,159.0,102.0,435.0,495.0,90.9,2.3129999999999997,27.0,264.0,1
340,108.0,60.0,372.0,466.6446700507614,82.19999999999999,0.762,0.0,210.0,1
341,66.0,45.0,291.0,420.0,69.6,1.461,3.0,198.0,0
342,114.0,90.0,543.0,540.0,102.30000000000001,0.9839999999999999,3.0,192.0,1
343,78.0,87.46025878003697,513.0,466.6446700507614,130.8,1.4369999999999998,12.0,216.0,1
344,120.0,138.0,435.0,390.0,113.69999999999999,1.911,27.0,240.0,1
345,138.0,111.0,306.0,466.6446700507614,98.69999999999999,1.995,27.0,228.0,1
346,69.0,39.0,321.0,144.0,68.69999999999999,2.034,9.0,186.0,1
347,96.0,147.0,387.0,465.0,109.19999999999999,2.904,9.0,276.0,1
348,72.0,87.46025878003697,384.0,466.6446700507614,102.89999999999999,0.909,12.0,210.0,0
349,75.0,96.0,258.0,466.6446700507614,107.39999999999999,0.7140000000000001,0.0,204.0,0
350,93.0,96.0,309.0,466.6446700507614,117.30000000000001,1.032,21.0,198.0,1
351,105.0,60.0,324.0,390.0,72.0,2.439,18.0,132.0,0
352,75.0,90.0,252.0,318.0,95.69999999999999,1.773,9.0,204.0,0
353,141.0,69.0,483.0,396.0,76.5,0.978,30.0,204.0,1
354,66.0,51.0,294.0,360.0,104.10000000000001,0.5940000000000001,6.0,180.0,0
355,75.0,99.0,432.0,405.0,94.80000000000001,1.266,6.0,174.0,1
356,117.0,111.0,459.0,420.0,121.80000000000001,3.5220000000000002,39.0,264.0,0
357,96.0,87.46025878003697,393.0,466.6446700507614,94.80000000000001,2.229,0.0,264.0,1
358,81.0,48.0,297.0,132.0,61.199999999999996,0.705,6.0,210.0,0
359,93.0,117.0,327.0,342.0,83.69999999999999,1.92,24.0,228.0,1
360,75.0,90.0,321.0,222.0,109.80000000000001,2.271,0.0,186.0,1
361,72.0,90.0,231.0,168.0,99.89999999999999,3.7529999999999997,3.0,168.0,0
362,66.0,33.0,240.0,180.0,90.0,1.581,3.0,222.0,0
363,84.0,87.0,387.0,345.0,79.19999999999999,0.6569999999999999,9.0,192.0,1
364,126.0,126.0,450.0,1026.0,104.10000000000001,2.154,21.0,198.0,0
365,69.0,93.0,462.0,852.0,98.39999999999999,0.711,12.0,186.0,0
366,90.0,87.46025878003697,330.0,466.6446700507614,112.80000000000001,0.573,12.0,276.0,0
367,129.0,99.0,294.0,570.0,102.0,1.29,18.0,174.0,0
368,72.0,87.46025878003697,315.0,466.6446700507614,97.37239101717306,0.915,21.0,217.2155525238745,0
369,63.0,87.46025878003697,240.0,466.6446700507614,57.300000000000004,0.774,3.0,165.0,0
370,105.0,90.0,474.0,984.0,106.5,1.032,9.0,210.0,1
371,66.0,48.0,243.0,198.0,82.5,0.9179999999999999,9.0,258.0,0
372,72.0,87.46025878003697,321.0,466.6446700507614,135.89999999999998,2.058,0.0,228.0,0
373,90.0,87.46025878003697,345.0,466.6446700507614,97.37239101717306,0.783,30.0,217.2155525238745,1
374,93.0,141.0,354.0,690.0,137.39999999999998,1.653,0.0,252.0,1
375,186.0,87.46025878003697,315.0,466.6446700507614,83.69999999999999,2.223,0.0,252.0,1
376,177.0,87.46025878003697,582.0,466.6446700507614,70.5,0.387,18.0,234.0,1
377,87.0,105.0,357.0,466.6446700507614,87.0,0.789,27.0,240.0,1
378,84.0,108.0,240.0,466.6446700507614,119.39999999999999,0.5309999999999999,18.0,240.0,0
379,72.0,87.46025878003697,375.0,466.6446700507614,94.80000000000001,0.45299999999999996,9.0,174.0,0
380,117.0,87.46025878003697,591.0,466.6446700507614,77.69999999999999,3.5729999999999995,24.0,222.0,1
381,84.0,129.0,366.0,474.0,108.60000000000001,2.448,6.0,156.0,0
382,138.0,138.0,432.0,540.0,138.3,1.0050000000000001,3.0,246.0,1
383,87.0,123.0,474.0,630.0,118.19999999999999,1.185,15.0,252.0,1
384,63.0,123.0,417.0,1440.0,122.10000000000001,1.608,3.0,186.0,0
385,78.0,54.0,360.0,189.0,91.5,0.855,0.0,222.0,0
386,96.0,90.0,345.0,288.0,103.80000000000001,1.5870000000000002,3.0,210.0,1
387,99.0,102.0,456.0,513.0,102.60000000000001,2.6790000000000003,27.0,234.0,1
388,171.0,87.46025878003697,342.0,466.6446700507614,74.69999999999999,2.232,15.0,222.0,0
389,183.0,99.0,426.0,570.0,86.4,2.061,21.0,180.0,0
390,78.0,39.0,288.0,147.0,63.300000000000004,1.941,6.0,204.0,0
391,63.0,96.0,324.0,168.0,75.6,0.384,6.0,186.0,0
392,66.0,45.0,294.0,252.0,75.6,0.897,0.0,246.0,0
393,141.0,87.46025878003697,378.0,466.6446700507614,90.30000000000001,1.047,3.0,180.0,1
394,63.0,81.0,282.0,345.0,130.5,1.0410000000000001,0.0,210.0,0
395,198.0,87.46025878003697,474.0,466.6446700507614,94.80000000000001,2.415,6.0,270.0,1
396,81.0,87.46025878003697,387.0,466.6446700507614,84.0,0.8519999999999999,6.0,252.0,0
397,123.0,87.46025878003697,540.0,466.6446700507614,129.89999999999998,0.8459999999999999,3.0,217.2155525238745,1
398,120.0,81.0,432.0,684.0,101.69999999999999,0.765,18.0,216.0,0
399,159.0,135.0,591.0,1629.0,91.5,0.474,6.0,210.0,1
400,72.0,135.0,384.0,582.0,121.5,1.839,3.0,144.0,1
401,66.0,108.0,537.0,477.0,113.39999999999999,1.365,0.0,150.0,1
402,162.0,87.46025878003697,375.0,466.6446700507614,101.39999999999999,0.363,18.0,228.0,1
403,129.0,93.0,510.0,466.6446700507614,132.0,1.2089999999999999,27.0,222.0,1
404,75.0,87.46025878003697,228.0,466.6446700507614,102.0,1.173,12.0,186.0,0
405,84.0,63.0,393.0,498.0,99.30000000000001,0.48,12.0,204.0,0
406,96.0,87.46025878003697,468.0,466.6446700507614,144.89999999999998,0.7140000000000001,12.0,225.0,1
407,63.0,30.0,297.0,466.6446700507614,76.19999999999999,1.653,3.0,174.0,0
408,132.0,21.0,276.0,774.0,82.80000000000001,2.7779999999999996,36.0,186.0,1
409,147.0,108.0,378.0,324.0,115.5,1.047,24.0,264.0,0
410,171.0,57.0,435.0,330.0,66.6,0.735,39.0,246.0,0
411,99.0,114.0,309.0,249.0,129.89999999999998,0.5489999999999999,3.0,90.0,0
412,78.0,126.0,264.0,297.0,165.0,1.488,3.0,90.0,1
413,84.0,126.0,336.0,480.0,115.19999999999999,0.7380000000000001,6.0,258.0,0
414,81.0,123.0,378.0,705.0,117.89999999999999,2.112,9.0,264.0,0
415,93.0,87.46025878003697,435.0,466.6446700507614,132.60000000000002,1.8900000000000001,0.0,217.2155525238745,1
416,141.0,87.46025878003697,429.0,466.6446700507614,135.0,0.5700000000000001,15.0,234.0,0
417,81.0,93.0,240.0,210.0,102.60000000000001,3.8759999999999994,9.0,246.0,1
418,72.0,126.0,384.0,466.6446700507614,120.0,3.303,6.0,192.0,0
419,72.0,36.0,270.0,129.0,81.6,1.7399999999999998,3.0,186.0,0
420,75.0,87.0,348.0,540.0,108.30000000000001,1.488,3.0,234.0,0
421,135.0,90.0,462.0,300.0,92.69999999999999,0.49199999999999994,27.0,234.0,0
422,156.0,81.0,528.0,468.0,99.89999999999999,3.4620000000000006,9.0,258.0,1
423,72.0,84.0,249.0,198.0,110.39999999999999,1.887,6.0,195.0,0
424,78.0,51.0,288.0,147.0,62.400000000000006,1.02,12.0,168.0,0
425,120.0,87.46025878003697,423.0,466.6446700507614,82.80000000000001,0.732,12.0,222.0,0
426,156.0,87.46025878003697,369.0,466.6446700507614,108.89999999999999,0.774,0.0,216.0,1
427,69.0,108.0,354.0,282.0,99.89999999999999,0.783,3.0,174.0,0
428,111.0,90.0,264.0,466.6446700507614,82.80000000000001,0.774,15.0,234.0,0
429,78.0,135.0,285.0,276.0,109.5,0.99,0.0,240.0,0
430,78.0,60.0,306.0,282.0,92.4,1.2000000000000002,9.0,132.0,0
431,75.0,156.0,300.0,171.0,121.5,2.031,6.0,210.0,0
432,84.0,96.0,285.0,466.6446700507614,106.19999999999999,0.8519999999999999,12.0,180.0,0
433,174.0,87.46025878003697,336.0,466.6446700507614,70.80000000000001,2.52,24.0,216.0,0
434,66.0,105.0,365.06028833551767,466.6446700507614,96.0,1.167,3.0,204.0,0
435,138.0,111.0,402.0,1110.0,138.60000000000002,0.7140000000000001,18.0,240.0,1
436,87.0,87.46025878003697,372.0,466.6446700507614,82.80000000000001,1.104,18.0,216.0,1
437,147.0,45.0,552.0,466.6446700507614,90.0,3.6390000000000002,27.0,255.0,1
438,75.0,87.46025878003697,279.0,466.6446700507614,105.89999999999999,0.789,0.0,180.0,0
439,84.0,54.0,489.0,315.0,94.80000000000001,0.804,9.0,210.0,1
440,66.0,66.0,315.0,466.6446700507614,60.0,0.7080000000000001,0.0,204.0,0
441,174.0,102.0,528.0,900.0,101.10000000000001,1.401,24.0,270.0,1
442,87.0,87.46025878003697,423.0,466.6446700507614,127.19999999999999,0.615,0.0,217.2155525238745,1
443,87.0,87.46025878003697,438.0,466.6446700507614,89.1,1.6919999999999997,3.0,168.0,0
444,81.0,87.46025878003697,318.0,466.6446700507614,77.4,0.621,9.0,216.0,0
445,117.0,84.0,387.0,366.0,107.69999999999999,0.8400000000000001,30.0,228.0,0
446,111.0,87.46025878003697,537.0,466.6446700507614,105.30000000000001,0.6000000000000001,30.0,210.0,0
447,129.0,147.0,387.0,375.0,115.5,1.317,21.0,204.0,1
448,102.0,99.0,561.0,1176.0,101.69999999999999,2.4779999999999998,21.0,150.0,1
449,138.0,87.46025878003697,201.0,466.6446700507614,135.89999999999998,0.582,0.0,228.0,0
450,93.0,180.0,300.0,330.0,140.39999999999998,2.886,0.0,264.0,0
451,87.0,87.46025878003697,276.0,466.6446700507614,126.60000000000001,0.711,12.0,240.0,0
452,135.0,162.0,318.0,466.6446700507614,109.80000000000001,0.534,39.0,216.0,0
453,69.0,54.0,282.0,198.0,94.80000000000001,1.947,6.0,228.0,0
454,69.0,102.0,267.0,111.0,93.6,0.5760000000000001,3.0,228.0,0
455,72.0,39.0,357.0,150.0,66.9,0.615,3.0,162.0,0
456,114.0,75.0,216.0,466.6446700507614,94.80000000000001,0.8400000000000001,27.0,234.0,0
457,183.0,87.46025878003697,438.0,466.6446700507614,93.6,1.617,12.0,276.0,1
458,123.0,87.46025878003697,588.0,466.6446700507614,119.39999999999999,1.353,21.0,270.0,1
459,126.0,87.46025878003697,255.0,466.6446700507614,93.6,1.146,18.0,234.0,0
